Nom,Instagram_Followers,TikTok_Followers,YouTube_Abonnés,Email,Notes
Charley et Charlotte,,,,,"Voir: Youtube Statistiques 1 (7)"
Jore Jardin (Harold),,,,,"Voir: harold insta, HAROLD TIKTOK"
Rénovaventure (Guillaume),,,,,"Voir: STATS GUILLAUME"
Ted & Lisa,,,,,"Voir: STATS INSTA TED"
Aurelia (Villa Mahana Cassis),,,,,"Voir: INSTA AURELIA, TIKTOK AURELIA"
Mathilde Menier,,,,,"Voir: Stats-réseaux"
Vincent et Déborah,,,,,"Voir: VINCENT ET DEBO (déjà converti)"
Yann (Petit Copeau),,,,,"Voir: stats yann youtube"
Olivia (Mum Dalma),,,,,"Voir: STATS OLIVIA DEC"
Benjamin,,,,,"Voir: pdf24_converted 3, pdf24_converted 4"
Rénovateurs du Dimanche (Ange et Violette),,,,,"Voir: stats renovateurs du dimanche novembre 2025"
Marie Lys (Bricomont),,,,,"Voir: STATS INSTAGRAM BRICOMONT, STATS TIKTOK BRICOMONT"
Marc & Sandy,,,,,"Voir: YOUTUBE MARC & SANDY"
Aladdin,,,,,"Voir: youtube aladdin, STATS INSTA"
Charlotte et Grégoire,,,,,""
